	parse_text	parse_labels
0	스코틀랜드의 한 마을에서 황정민 보통하게 있다는 살고 이 기혼 남성의 시조가 유튜브 등에서 포츠가 퇴석했다며 송사를 보내고 있습니다 . 폭렬적인 장두해 장정  인기인이 된 평판을 모으고 있는데 치안정감들은 이 곡목에 출연해	LOC-B NUM-B NUM-I PER-B O O O O O O O O O O O O O O O O O O O O O O O O O O O
1	김중배 무스파타(샌안토니오)가 참은 법국을 7-8위 결정전에서 누르고 유럽축구선수권대회 출격권을 점유했다 .	PER-B PER-I O LOC-B O O O O O O O
2	이기범 한두 쪽을 먹고 10분 후쯤 화제인을 먹는 것이 좋다고 한다	PER-B O O O O O O O O O O
3	금석객잔 여러분, 감사드립니다 .	ORG-B O O O
